label,file_path,size,mtime,event_log_csv,valid,note
pmm_dynamic_2_30,results/detail_packets/pmm_dynamic_2_results/pmm_dynamic_2_30.json,392786,1751505029.5050905,,1,auto
pmm_dynamic_2_6,results/detail_packets/pmm_dynamic_2_results/pmm_dynamic_2_6.json,496073,1751505003.9705832,,1,auto
pmm_dynamic_2_2,results/detail_packets/pmm_dynamic_2_results/pmm_dynamic_2_2.json,390141,1751504997.2934675,,1,auto
pmm_dynamic_2_37,results/detail_packets/pmm_dynamic_2_results/pmm_dynamic_2_37.json,576498,1751505038.64433,,1,auto
pmm_dynamic_2_32,results/detail_packets/pmm_dynamic_2_results/pmm_dynamic_2_32.json,403530,1751505032.7588158,,1,auto
pmm_dynamic_2_29,results/detail_packets/pmm_dynamic_2_results/pmm_dynamic_2_29.json,392776,1751505029.4741762,,1,auto
pmm_dynamic_2_13,results/detail_packets/pmm_dynamic_2_results/pmm_dynamic_2_13.json,430082,1751505013.3910947,,1,auto
pmm_dynamic_2_21,results/detail_packets/pmm_dynamic_2_results/pmm_dynamic_2_21.json,403530,1751505021.381861,,1,auto
pmm_dynamic_2_40,results/detail_packets/pmm_dynamic_2_results/pmm_dynamic_2_40.json,403532,1751505040.6505852,,1,auto
pmm_dynamic_2_17,results/detail_packets/pmm_dynamic_2_results/pmm_dynamic_2_17.json,509534,1751505017.8141146,,1,auto
pmm_dynamic_2_38,results/detail_packets/pmm_dynamic_2_results/pmm_dynamic_2_38.json,426955,1751505038.5786326,,1,auto
pmm_dynamic_2_22,results/detail_packets/pmm_dynamic_2_results/pmm_dynamic_2_22.json,403526,1751505023.5460396,,1,auto
pmm_dynamic_2_25,results/detail_packets/pmm_dynamic_2_results/pmm_dynamic_2_25.json,420003,1751505025.0686936,,1,auto
pmm_dynamic_2_14,results/detail_packets/pmm_dynamic_2_results/pmm_dynamic_2_14.json,467109,1751505014.5664425,,1,auto
pmm_dynamic_2_28,results/detail_packets/pmm_dynamic_2_results/pmm_dynamic_2_28.json,392867,1751505029.4432619,,1,auto
pmm_dynamic_2_4,results/detail_packets/pmm_dynamic_2_results/pmm_dynamic_2_4.json,415393,1751504999.180689,,1,auto
pmm_dynamic_2_8,results/detail_packets/pmm_dynamic_2_results/pmm_dynamic_2_8.json,501295,1751505005.75701,,1,auto
pmm_dynamic_2_23,results/detail_packets/pmm_dynamic_2_results/pmm_dynamic_2_23.json,403532,1751505023.5112581,,1,auto
pmm_dynamic_2_15,results/detail_packets/pmm_dynamic_2_results/pmm_dynamic_2_15.json,498848,1751505017.7483878,,1,auto
pmm_dynamic_2_20,results/detail_packets/pmm_dynamic_2_results/pmm_dynamic_2_20.json,403533,1751505019.3683577,,1,auto
pmm_dynamic_2_19,results/detail_packets/pmm_dynamic_2_results/pmm_dynamic_2_19.json,509107,1751505021.4282362,,1,auto
pmm_dynamic_2_1,results/detail_packets/pmm_dynamic_2_results/pmm_dynamic_2_1.json,403524,1751504997.3589425,,1,auto
pmm_dynamic_2_10,results/detail_packets/pmm_dynamic_2_results/pmm_dynamic_2_10.json,500998,1751505010.359806,,1,auto
pmm_dynamic_2_3,results/detail_packets/pmm_dynamic_2_results/pmm_dynamic_2_3.json,403518,1751504989.9230142,,1,auto
pmm_dynamic_2_16,results/detail_packets/pmm_dynamic_2_results/pmm_dynamic_2_16.json,509266,1751505017.779318,,1,auto
pmm_dynamic_2_27,results/detail_packets/pmm_dynamic_2_results/pmm_dynamic_2_27.json,392867,1751505026.4638157,,1,auto
pmm_dynamic_2_36,results/detail_packets/pmm_dynamic_2_results/pmm_dynamic_2_36.json,396868,1751505034.7566495,,1,auto
pmm_dynamic_2_11,results/detail_packets/pmm_dynamic_2_results/pmm_dynamic_2_11.json,394139,1751505011.4540892,,1,auto
pmm_dynamic_2_9,results/detail_packets/pmm_dynamic_2_results/pmm_dynamic_2_9.json,501255,1751505010.294072,,1,auto
pmm_dynamic_2_34,results/detail_packets/pmm_dynamic_2_results/pmm_dynamic_2_34.json,396950,1751505032.7163086,,1,auto
pmm_dynamic_2_33,results/detail_packets/pmm_dynamic_2_results/pmm_dynamic_2_33.json,396938,1751505031.131953,,1,auto
pmm_dynamic_2_24,results/detail_packets/pmm_dynamic_2_results/pmm_dynamic_2_24.json,403520,1751505025.0957458,,1,auto
pmm_dynamic_2_42,results/detail_packets/pmm_dynamic_2_results/pmm_dynamic_2_42.json,424991,1751505044.059112,,1,auto
pmm_dynamic_2_44,results/detail_packets/pmm_dynamic_2_results/pmm_dynamic_2_44.json,384815,1751505044.6465225,,1,auto
pmm_dynamic_2_12,results/detail_packets/pmm_dynamic_2_results/pmm_dynamic_2_12.json,403524,1751505013.340833,,1,auto
pmm_dynamic_2_35,results/detail_packets/pmm_dynamic_2_results/pmm_dynamic_2_35.json,396866,1751505033.7983077,,1,auto
pmm_dynamic_2_39,results/detail_packets/pmm_dynamic_2_results/pmm_dynamic_2_39.json,403524,1751505038.6907043,,1,auto
pmm_dynamic_2_31,results/detail_packets/pmm_dynamic_2_results/pmm_dynamic_2_31.json,404033,1751505030.390011,,1,auto
pmm_dynamic_2_7,results/detail_packets/pmm_dynamic_2_results/pmm_dynamic_2_7.json,495992,1751505003.904849,,1,auto
pmm_dynamic_2_26,results/detail_packets/pmm_dynamic_2_results/pmm_dynamic_2_26.json,403520,1751505025.7411346,,1,auto
pmm_dynamic_2_41,results/detail_packets/pmm_dynamic_2_results/pmm_dynamic_2_41.json,467779,1751505044.0900283,,1,auto
pmm_dynamic_2_18,results/detail_packets/pmm_dynamic_2_results/pmm_dynamic_2_18.json,509342,1751505018.5757709,,1,auto
pmm_dynamic_2_5,results/detail_packets/pmm_dynamic_2_results/pmm_dynamic_2_5.json,453800,1751505003.835248,,1,auto
pmm_dynamic_2_43,results/detail_packets/pmm_dynamic_2_results/pmm_dynamic_2_43.json,403528,1751505041.9993107,,1,auto
